feature,feature_type,test,statistic,degrees_freedom,p_value,effect_size_name,effect_size,effect_ci_low,effect_ci_high,minimum_expected_count,p_holm,p_bh,drop_candidate,significant_holm
Contract,categorical,Pearson chi-square,1184.5965720837926,2,5.863038300673391e-258,Cramer's V,0.4101156965761409,0.39207490241665394,0.4280840972982649,390.889819679114,1.1139772771279444e-256,1.1139772771279444e-256,False,True
tenure,numeric,Point-biserial correlation,-0.3522286701130779,7041,7.999057960588305e-205,Cohen's d (churn - no churn),-0.8522498343478222,-0.9037552912361086,-0.801016308565966,,1.4398304329058948e-203,7.59910506255889e-204,False,True
OnlineSecurity,categorical,Pearson chi-square,849.9989679615965,2,2.6611496351765517e-185,Cramer's V,0.3474004326740552,0.3266489601613743,0.3669768478939212,404.9544228311799,4.523954379800138e-184,1.6853947689451495e-184,False,True
TechSupport,categorical,Pearson chi-square,828.1970684587394,2,1.4430840279998987e-180,Cramer's V,0.3429161982469257,0.32199270918863204,0.36355812457839076,404.9544228311799,2.308934444799838e-179,6.854649132999519e-180,False,True
InternetService,categorical,Pearson chi-square,732.309589667794,2,9.571788222840544e-160,Cramer's V,0.32245455521230887,0.3016962431588719,0.34247741457063424,404.9544228311799,1.4357682334260817e-158,3.6372795246794067e-159,False,True
PaymentMethod,categorical,Pearson chi-square,648.1423274814,3,3.6823546520097993e-140,Cramer's V,0.30335862555407056,0.28058665399287147,0.32693113051836376,403.89294334800513,5.155296512813719e-139,1.1660789731364364e-139,False,True
OnlineBackup,categorical,Pearson chi-square,601.812790113409,2,2.0797592160864276e-131,Cramer's V,0.2923155121954445,0.272716432906372,0.312388990910473,404.9544228311799,2.703686980912356e-130,5.645060729377446e-131,False,True
DeviceProtection,categorical,Pearson chi-square,558.419369407389,2,5.505219496457244e-122,Cramer's V,0.281579732968073,0.2613085994622573,0.3018558072978835,404.9544228311799,6.606263395748693e-121,1.3074896304085955e-121,False,True
StreamingMovies,categorical,Pearson chi-square,375.6614793452656,2,2.667756755723681e-82,Cramer's V,0.23095080906926801,0.2149658376997074,0.24707158121108347,404.9544228311799,2.9345324312960493e-81,5.631930928749993e-82,False,True
StreamingTV,categorical,Pearson chi-square,374.2039433109813,2,5.528994485739183e-82,Cramer's V,0.2305023384466809,0.21483086032212828,0.24658040883241888,404.9544228311799,5.528994485739184e-81,1.0505089522904448e-81,False,True
TotalCharges,numeric,Point-biserial correlation,-0.1983242626039956,7041,2.1272116132410337e-63,Cohen's d (churn - no churn),-0.45821305166036236,-0.5059683000990126,-0.40938311524343324,,1.9144904519169303e-62,3.674274604689058e-63,False,True
MonthlyCharges,numeric,Point-biserial correlation,0.19335642223784705,7041,2.706645606888227e-60,Cohen's d (churn - no churn),0.446283496963266,0.39699502257384817,0.49665190376259505,,2.1653164855105815e-59,4.285522210906359e-60,False,True
PaperlessBilling,categorical,Pearson chi-square,259.1609742710177,1,2.6145974237873335e-58,Cramer's V,0.1918253316664679,0.17129795669854989,0.2135107545356718,762.1422689194945,1.8302181966511335e-57,3.821334696304565e-58,False,True
Dependents,categorical,Pearson chi-square,189.94033391334852,1,3.276082809397559e-43,Cramer's V,0.16422140157972526,0.14364095836868734,0.18559585029799297,559.9304273746983,1.9656496856385354e-42,4.4461123841824015e-43,False,True
SeniorCitizen,categorical,Pearson chi-square,160.35213184520632,1,9.477903507376051e-37,Cramer's V,0.1508893281764731,0.12389867070377816,0.17583416737003238,303.0523924464007,4.7389517536880256e-36,1.2005344442676332e-36,False,True
Partner,categorical,Pearson chi-square,159.41452843242658,1,1.5190366200997138e-36,Cramer's V,0.15044754495917653,0.12851428054857109,0.17256504970853304,902.7883004401533,6.076146480398855e-36,1.8038559863684103e-36,False,True
MultipleLines,categorical,Pearson chi-square,11.33044148319756,2,0.0034643829548773,Cramer's V,0.04010925283378871,0.01939086432258444,0.06379631888397894,180.98225188130058,0.010393148864631899,0.003871957420156982,False,True
PhoneService,categorical,Pearson chi-square,1.0044084772333213,1,0.31624613157395115,Cramer's V,0.011941980029003072,0.000714587454511257,0.034833501439715725,180.98225188130058,0.6324922631479023,0.3338153611058373,True,False
gender,categorical,Pearson chi-square,0.522366503358827,1,0.46983394114265187,Cramer's V,0.008612095078997826,0.0004946760713070056,0.030460591944581596,925.6101093284112,0.6324922631479023,0.46983394114265187,True,False
