model,imbalance_strategy,cv_pr_auc_mean,cv_pr_auc_std,cv_fold_scores
XGBoost,none,0.67142974694622,0.019404978041666708,"[0.6566174981099391, 0.6371352684898244, 0.6950618488655265, 0.6875397575121502, 0.6769526151310913, 0.6945538968326008, 0.6535409242041857, 0.6615822638526161, 0.6667822859203757, 0.6845311105438916]"
XGBoost,class_weight,0.6702621549261136,0.020896177177654185,"[0.6516917820270859, 0.6345302142202471, 0.6953772878993468, 0.6846141759859742, 0.6762502684783789, 0.6966767230768979, 0.6526100178130703, 0.659718410794225, 0.6642045529917273, 0.686948115974184]"
XGBoost,smote,0.6630244602341132,0.020049195906093047,"[0.6397464639743392, 0.6430298198910478, 0.6797310580625512, 0.6826952269279478, 0.6681891193550811, 0.6841215189627886, 0.6315790760548927, 0.6540229392710638, 0.6624687437616699, 0.6846606360797506]"
Logistic Regression,none,0.6612481578413244,0.018364251847680483,"[0.6439750077405111, 0.6350553231758592, 0.6859050981545303, 0.6784096509806936, 0.6642560652586567, 0.6794152265013913, 0.6398335090644988, 0.6467192238867083, 0.6710040970727434, 0.6679083765776517]"
Logistic Regression,class_weight,0.6599256543543741,0.01774652064450408,"[0.6420862458638507, 0.6327803392651037, 0.6837754903278657, 0.6756532434636545, 0.6658843528014422, 0.6742465688635769, 0.641503125498966, 0.6455156605330636, 0.6715750170308563, 0.6662364998953608]"
Logistic Regression,smote,0.6589244244453812,0.020864648317434557,"[0.6354122486743432, 0.6309468346195273, 0.6841639450122213, 0.6761373496645884, 0.6612044441102368, 0.6823251240260022, 0.6360135361808805, 0.6417754475652278, 0.6718902217879542, 0.66937509281283]"
PyTorch MLP,none,0.6583977626383319,0.021342920565525465,"[0.6369701884044721, 0.6483846934599468, 0.6772425298294361, 0.6766323729343807, 0.6611192716591832, 0.6815060192572786, 0.6169843332102116, 0.6425901796491112, 0.6739858137658279, 0.6685622242134713]"
PyTorch MLP,class_weight,0.6578343922170482,0.02070163952528328,"[0.6381207295734143, 0.6442457379442673, 0.6792964578589524, 0.6723188209000841, 0.663249611119449, 0.6868728241630676, 0.6203180785540648, 0.643319631428716, 0.6676583270725915, 0.6629437035558753]"
Random Forest,none,0.6433594645061592,0.027742374666602405,"[0.6074361660732241, 0.6275578849397154, 0.6700800281112966, 0.6422412575928999, 0.6662940491177881, 0.6816489677798685, 0.5999580125122594, 0.6361527657505969, 0.6334575714416752, 0.6687679417422672]"
PyTorch MLP,smote,0.6423646541791419,0.02483599895623146,"[0.6097944921960429, 0.6273553442389338, 0.6688728810772053, 0.6526227615124476, 0.651801336602598, 0.6737736841361247, 0.6014267917292636, 0.6249515941021883, 0.6574635376819274, 0.655584118514687]"
Random Forest,class_weight,0.6415069337124826,0.02938475824097392,"[0.6031917727354037, 0.621922731626507, 0.6687441817094639, 0.6412864651906001, 0.6640850371625514, 0.6855128685210392, 0.5973328312246649, 0.6415214412212829, 0.626445427521255, 0.665026580212058]"
Random Forest,smote,0.6242314871982386,0.028562922775835622,"[0.5810381872024835, 0.6085808135787012, 0.6537093482331416, 0.625942817307497, 0.6472499821881167, 0.6549520001195417, 0.5786602790459076, 0.620417950216755, 0.6196991774907871, 0.6520643165994542]"
